run	group	dataset	organism	gene	tissue	quant_dir	genotype	region	age	strain	line	celltype	srx	sample_dir	stratum	variant_class	dose	lesion_type	mutation
SRR34568245	NA	Nadav_SCN2A_N2a	mouse	SCN2A	Neuro2a	/data/mendel/izamamede/SCN1A_and_SCN2A/rawdata/3_SCN2A/salmon_quant	Mut_het	Neuro2a	NA	NA	NA	NA	NA	SRR34568245	Neuro2a	NA	NA	coding/structural	Scn2a+/- (het)
SRR34568246	NA	Nadav_SCN2A_N2a	mouse	SCN2A	Neuro2a	/data/mendel/izamamede/SCN1A_and_SCN2A/rawdata/3_SCN2A/salmon_quant	Mut_het	Neuro2a	NA	NA	NA	NA	NA	SRR34568246	Neuro2a	NA	NA	coding/structural	Scn2a+/- (het)
SRR34568247	NA	Nadav_SCN2A_N2a	mouse	SCN2A	Neuro2a	/data/mendel/izamamede/SCN1A_and_SCN2A/rawdata/3_SCN2A/salmon_quant	Mut_het	Neuro2a	NA	NA	NA	NA	NA	SRR34568247	Neuro2a	NA	NA	coding/structural	Scn2a+/- (het)
SRR34568248	NA	Nadav_SCN2A_N2a	mouse	SCN2A	Neuro2a	/data/mendel/izamamede/SCN1A_and_SCN2A/rawdata/3_SCN2A/salmon_quant	WT	Neuro2a	NA	NA	NA	NA	NA	SRR34568248	Neuro2a	NA	NA	coding/structural	WT
SRR34568249	NA	Nadav_SCN2A_N2a	mouse	SCN2A	Neuro2a	/data/mendel/izamamede/SCN1A_and_SCN2A/rawdata/3_SCN2A/salmon_quant	WT	Neuro2a	NA	NA	NA	NA	NA	SRR34568249	Neuro2a	NA	NA	coding/structural	WT
SRR34568250	NA	Nadav_SCN2A_N2a	mouse	SCN2A	Neuro2a	/data/mendel/izamamede/SCN1A_and_SCN2A/rawdata/3_SCN2A/salmon_quant	WT	Neuro2a	NA	NA	NA	NA	NA	SRR34568250	Neuro2a	NA	NA	coding/structural	WT
SRR15085148	WT	Scn2a_gt_cortex	mouse	SCN2A	cortex	/home/izamamede/SCN1A_and_SCN2A/quant/10_SCN2A	WT	cortex	NA	NA	NA	NA	NA	SRR15085148	cortex	WT	WT	WT	WT
SRR15085149	WT	Scn2a_gt_cortex	mouse	SCN2A	cortex	/home/izamamede/SCN1A_and_SCN2A/quant/10_SCN2A	WT	cortex	NA	NA	NA	NA	NA	SRR15085149	cortex	WT	WT	WT	WT
SRR15085150	WT	Scn2a_gt_cortex	mouse	SCN2A	cortex	/home/izamamede/SCN1A_and_SCN2A/quant/10_SCN2A	WT	cortex	NA	NA	NA	NA	NA	SRR15085150	cortex	WT	WT	WT	WT
SRR15085151	WT	Scn2a_gt_cortex	mouse	SCN2A	cortex	/home/izamamede/SCN1A_and_SCN2A/quant/10_SCN2A	WT	cortex	NA	NA	NA	NA	NA	SRR15085151	cortex	WT	WT	WT	WT
SRR15085152	Hom	Scn2a_gt_cortex	mouse	SCN2A	cortex	/home/izamamede/SCN1A_and_SCN2A/quant/10_SCN2A	Mut_hom	cortex	NA	NA	NA	NA	NA	SRR15085152	cortex	gene_trap	homozygous	coding/structural	Scn2a gene-trap (hom)
SRR15085153	Hom	Scn2a_gt_cortex	mouse	SCN2A	cortex	/home/izamamede/SCN1A_and_SCN2A/quant/10_SCN2A	Mut_hom	cortex	NA	NA	NA	NA	NA	SRR15085153	cortex	gene_trap	homozygous	coding/structural	Scn2a gene-trap (hom)
SRR15085154	Hom	Scn2a_gt_cortex	mouse	SCN2A	cortex	/home/izamamede/SCN1A_and_SCN2A/quant/10_SCN2A	Mut_hom	cortex	NA	NA	NA	NA	NA	SRR15085154	cortex	gene_trap	homozygous	coding/structural	Scn2a gene-trap (hom)
SRR15085155	Hom	Scn2a_gt_cortex	mouse	SCN2A	cortex	/home/izamamede/SCN1A_and_SCN2A/quant/10_SCN2A	Mut_hom	cortex	NA	NA	NA	NA	NA	SRR15085155	cortex	gene_trap	homozygous	coding/structural	Scn2a gene-trap (hom)
SRR14113833	WT_Cortex	Scn1a_ctx_hip_rescue	mouse	SCN1A	cortex_hippocampus	/home/izamamede/SCN1A_and_SCN2A/quant/11_SCN1A	WT	cortex	NA	NA	NA	NA	NA	SRR14113833	cortex	WT	WT	WT	WT
SRR14113834	WT_Cortex	Scn1a_ctx_hip_rescue	mouse	SCN1A	cortex_hippocampus	/home/izamamede/SCN1A_and_SCN2A/quant/11_SCN1A	WT	cortex	NA	NA	NA	NA	NA	SRR14113834	cortex	WT	WT	WT	WT
SRR14113835	WT_Cortex	Scn1a_ctx_hip_rescue	mouse	SCN1A	cortex_hippocampus	/home/izamamede/SCN1A_and_SCN2A/quant/11_SCN1A	WT	cortex	NA	NA	NA	NA	NA	SRR14113835	cortex	WT	WT	WT	WT
SRR14113836	WT_Cortex	Scn1a_ctx_hip_rescue	mouse	SCN1A	cortex_hippocampus	/home/izamamede/SCN1A_and_SCN2A/quant/11_SCN1A	WT	cortex	NA	NA	NA	NA	NA	SRR14113836	cortex	WT	WT	WT	WT
SRR14113837	WT_Hippocampus	Scn1a_ctx_hip_rescue	mouse	SCN1A	cortex_hippocampus	/home/izamamede/SCN1A_and_SCN2A/quant/11_SCN1A	WT	hippocampus	NA	NA	NA	NA	NA	SRR14113837	hippocampus	WT	WT	WT	WT
SRR14113838	WT_Hippocampus	Scn1a_ctx_hip_rescue	mouse	SCN1A	cortex_hippocampus	/home/izamamede/SCN1A_and_SCN2A/quant/11_SCN1A	WT	hippocampus	NA	NA	NA	NA	NA	SRR14113838	hippocampus	WT	WT	WT	WT
SRR14113839	WT_Hippocampus	Scn1a_ctx_hip_rescue	mouse	SCN1A	cortex_hippocampus	/home/izamamede/SCN1A_and_SCN2A/quant/11_SCN1A	WT	hippocampus	NA	NA	NA	NA	NA	SRR14113839	hippocampus	WT	WT	WT	WT
SRR14113840	WT_Hippocampus	Scn1a_ctx_hip_rescue	mouse	SCN1A	cortex_hippocampus	/home/izamamede/SCN1A_and_SCN2A/quant/11_SCN1A	WT	hippocampus	NA	NA	NA	NA	NA	SRR14113840	hippocampus	WT	WT	WT	WT
SRR14113817	Het_Cortex	Scn1a_ctx_hip_rescue	mouse	SCN1A	cortex_hippocampus	/home/izamamede/SCN1A_and_SCN2A/quant/11_SCN1A	Mut_het	cortex	NA	NA	NA	NA	NA	SRR14113817	cortex	whole_allele_KO	heterozygous	coding/structural	Scn1a het
SRR14113818	Het_Cortex	Scn1a_ctx_hip_rescue	mouse	SCN1A	cortex_hippocampus	/home/izamamede/SCN1A_and_SCN2A/quant/11_SCN1A	Mut_het	cortex	NA	NA	NA	NA	NA	SRR14113818	cortex	whole_allele_KO	heterozygous	coding/structural	Scn1a het
SRR14113819	Het_Cortex	Scn1a_ctx_hip_rescue	mouse	SCN1A	cortex_hippocampus	/home/izamamede/SCN1A_and_SCN2A/quant/11_SCN1A	Mut_het	cortex	NA	NA	NA	NA	NA	SRR14113819	cortex	whole_allele_KO	heterozygous	coding/structural	Scn1a het
SRR14113820	Het_Cortex	Scn1a_ctx_hip_rescue	mouse	SCN1A	cortex_hippocampus	/home/izamamede/SCN1A_and_SCN2A/quant/11_SCN1A	Mut_het	cortex	NA	NA	NA	NA	NA	SRR14113820	cortex	whole_allele_KO	heterozygous	coding/structural	Scn1a het
SRR14113821	Het_Hippocampus	Scn1a_ctx_hip_rescue	mouse	SCN1A	cortex_hippocampus	/home/izamamede/SCN1A_and_SCN2A/quant/11_SCN1A	Mut_het	hippocampus	NA	NA	NA	NA	NA	SRR14113821	hippocampus	whole_allele_KO	heterozygous	coding/structural	Scn1a het
SRR14113822	Het_Hippocampus	Scn1a_ctx_hip_rescue	mouse	SCN1A	cortex_hippocampus	/home/izamamede/SCN1A_and_SCN2A/quant/11_SCN1A	Mut_het	hippocampus	NA	NA	NA	NA	NA	SRR14113822	hippocampus	whole_allele_KO	heterozygous	coding/structural	Scn1a het
SRR14113823	Het_Hippocampus	Scn1a_ctx_hip_rescue	mouse	SCN1A	cortex_hippocampus	/home/izamamede/SCN1A_and_SCN2A/quant/11_SCN1A	Mut_het	hippocampus	NA	NA	NA	NA	NA	SRR14113823	hippocampus	whole_allele_KO	heterozygous	coding/structural	Scn1a het
SRR14113824	Het_Hippocampus	Scn1a_ctx_hip_rescue	mouse	SCN1A	cortex_hippocampus	/home/izamamede/SCN1A_and_SCN2A/quant/11_SCN1A	Mut_het	hippocampus	NA	NA	NA	NA	NA	SRR14113824	hippocampus	whole_allele_KO	heterozygous	coding/structural	Scn1a het
SRR14113825	Rec_Cortex	Scn1a_ctx_hip_rescue	mouse	SCN1A	cortex_hippocampus	/home/izamamede/SCN1A_and_SCN2A/quant/11_SCN1A	Rescue	cortex	NA	NA	NA	NA	NA	SRR14113825	cortex	whole_allele_KO_rescued	het + rescue	coding/structural	Scn1a het + rescue
SRR14113826	Rec_Cortex	Scn1a_ctx_hip_rescue	mouse	SCN1A	cortex_hippocampus	/home/izamamede/SCN1A_and_SCN2A/quant/11_SCN1A	Rescue	cortex	NA	NA	NA	NA	NA	SRR14113826	cortex	whole_allele_KO_rescued	het + rescue	coding/structural	Scn1a het + rescue
SRR14113827	Rec_Cortex	Scn1a_ctx_hip_rescue	mouse	SCN1A	cortex_hippocampus	/home/izamamede/SCN1A_and_SCN2A/quant/11_SCN1A	Rescue	cortex	NA	NA	NA	NA	NA	SRR14113827	cortex	whole_allele_KO_rescued	het + rescue	coding/structural	Scn1a het + rescue
SRR14113828	Rec_Cortex	Scn1a_ctx_hip_rescue	mouse	SCN1A	cortex_hippocampus	/home/izamamede/SCN1A_and_SCN2A/quant/11_SCN1A	Rescue	cortex	NA	NA	NA	NA	NA	SRR14113828	cortex	whole_allele_KO_rescued	het + rescue	coding/structural	Scn1a het + rescue
SRR14113829	Rec_Hippocampus	Scn1a_ctx_hip_rescue	mouse	SCN1A	cortex_hippocampus	/home/izamamede/SCN1A_and_SCN2A/quant/11_SCN1A	Rescue	hippocampus	NA	NA	NA	NA	NA	SRR14113829	hippocampus	whole_allele_KO_rescued	het + rescue	coding/structural	Scn1a het + rescue
SRR14113830	Rec_Hippocampus	Scn1a_ctx_hip_rescue	mouse	SCN1A	cortex_hippocampus	/home/izamamede/SCN1A_and_SCN2A/quant/11_SCN1A	Rescue	hippocampus	NA	NA	NA	NA	NA	SRR14113830	hippocampus	whole_allele_KO_rescued	het + rescue	coding/structural	Scn1a het + rescue
SRR14113831	Rec_Hippocampus	Scn1a_ctx_hip_rescue	mouse	SCN1A	cortex_hippocampus	/home/izamamede/SCN1A_and_SCN2A/quant/11_SCN1A	Rescue	hippocampus	NA	NA	NA	NA	NA	SRR14113831	hippocampus	whole_allele_KO_rescued	het + rescue	coding/structural	Scn1a het + rescue
SRR14113832	Rec_Hippocampus	Scn1a_ctx_hip_rescue	mouse	SCN1A	cortex_hippocampus	/home/izamamede/SCN1A_and_SCN2A/quant/11_SCN1A	Rescue	hippocampus	NA	NA	NA	NA	NA	SRR14113832	hippocampus	whole_allele_KO_rescued	het + rescue	coding/structural	Scn1a het + rescue
SRR12107229	WT_19mo	Scn1a_aging	mouse	SCN1A	brain	/home/izamamede/SCN1A_and_SCN2A/quant/12_SCN1A	WT	brain	19mo	NA	NA	NA	NA	SRR12107229	brain_19mo	WT	WT	WT	WT
SRR12107230	WT_19mo	Scn1a_aging	mouse	SCN1A	brain	/home/izamamede/SCN1A_and_SCN2A/quant/12_SCN1A	WT	brain	19mo	NA	NA	NA	NA	SRR12107230	brain_19mo	WT	WT	WT	WT
SRR12107232	WT_1.9mo	Scn1a_aging	mouse	SCN1A	brain	/home/izamamede/SCN1A_and_SCN2A/quant/12_SCN1A	WT	brain	1.9mo	NA	NA	NA	NA	SRR12107232	brain_1.9mo	WT	WT	WT	WT
SRR12107233	WT_1.9mo	Scn1a_aging	mouse	SCN1A	brain	/home/izamamede/SCN1A_and_SCN2A/quant/12_SCN1A	WT	brain	1.9mo	NA	NA	NA	NA	SRR12107233	brain_1.9mo	WT	WT	WT	WT
SRR12107227	Het_16.2mo	Scn1a_aging	mouse	SCN1A	brain	/home/izamamede/SCN1A_and_SCN2A/quant/12_SCN1A	Mut_het	brain	16.2mo	NA	NA	NA	NA	SRR12107227	brain_16.2mo	NA	heterozygous	coding/structural	Mut_het
SRR12107228	Het_14.6mo	Scn1a_aging	mouse	SCN1A	brain	/home/izamamede/SCN1A_and_SCN2A/quant/12_SCN1A	Mut_het	brain	14.6mo	NA	NA	NA	NA	SRR12107228	brain_14.6mo	NA	heterozygous	coding/structural	Mut_het
SRR12107231	Het_18.6mo	Scn1a_aging	mouse	SCN1A	brain	/home/izamamede/SCN1A_and_SCN2A/quant/12_SCN1A	Mut_het	brain	18.6mo	NA	NA	NA	NA	SRR12107231	brain_18.6mo	NA	heterozygous	coding/structural	Mut_het
SRR12107234	Het_1.9mo	Scn1a_aging	mouse	SCN1A	brain	/home/izamamede/SCN1A_and_SCN2A/quant/12_SCN1A	Mut_het	brain	1.9mo	NA	NA	NA	NA	SRR12107234	brain_1.9mo	NA	heterozygous	coding/structural	Mut_het
SRR11681073	WT	Scn1a_A1783V_hip	mouse	SCN1A	hippocampus	/home/izamamede/SCN1A_and_SCN2A/quant/13_SCN1A	WT	hippocampus	NA	NA	NA	NA	NA	SRR11681073	hippocampus	WT	WT	WT	WT
SRR11681074	WT	Scn1a_A1783V_hip	mouse	SCN1A	hippocampus	/home/izamamede/SCN1A_and_SCN2A/quant/13_SCN1A	WT	hippocampus	NA	NA	NA	NA	NA	SRR11681074	hippocampus	WT	WT	WT	WT
SRR11681075	WT	Scn1a_A1783V_hip	mouse	SCN1A	hippocampus	/home/izamamede/SCN1A_and_SCN2A/quant/13_SCN1A	WT	hippocampus	NA	NA	NA	NA	NA	SRR11681075	hippocampus	WT	WT	WT	WT
SRR11681076	A1783V	Scn1a_A1783V_hip	mouse	SCN1A	hippocampus	/home/izamamede/SCN1A_and_SCN2A/quant/13_SCN1A	Mut_hom	hippocampus	NA	NA	NA	NA	NA	SRR11681076	hippocampus	missense	homozygous	coding/structural	Scn1a A1783V (hom)
SRR11681078	A1783V	Scn1a_A1783V_hip	mouse	SCN1A	hippocampus	/home/izamamede/SCN1A_and_SCN2A/quant/13_SCN1A	Mut_hom	hippocampus	NA	NA	NA	NA	NA	SRR11681078	hippocampus	missense	homozygous	coding/structural	Scn1a A1783V (hom)
SRR11681079	A1783V	Scn1a_A1783V_hip	mouse	SCN1A	hippocampus	/home/izamamede/SCN1A_and_SCN2A/quant/13_SCN1A	Mut_hom	hippocampus	NA	NA	NA	NA	NA	SRR11681079	hippocampus	missense	homozygous	coding/structural	Scn1a A1783V (hom)
SRR6930122	Het_F1_P24	Scn1a_strain_age	mouse	SCN1A	brain	/home/izamamede/SCN1A_and_SCN2A/quant/14_SCN1A	Mut_het	brain	P24	F1	NA	NA	NA	SRR6930122	brain_F1_P24	whole_allele_KO	heterozygous	coding/structural	Scn1a het (F1)
SRR6930123	Het_F1_P24	Scn1a_strain_age	mouse	SCN1A	brain	/home/izamamede/SCN1A_and_SCN2A/quant/14_SCN1A	Mut_het	brain	P24	F1	NA	NA	NA	SRR6930123	brain_F1_P24	whole_allele_KO	heterozygous	coding/structural	Scn1a het (F1)
SRR6930124	WT_F1_P24	Scn1a_strain_age	mouse	SCN1A	brain	/home/izamamede/SCN1A_and_SCN2A/quant/14_SCN1A	WT	brain	P24	F1	NA	NA	NA	SRR6930124	brain_F1_P24	WT	WT	WT	WT
SRR6930125	WT_F1_P24	Scn1a_strain_age	mouse	SCN1A	brain	/home/izamamede/SCN1A_and_SCN2A/quant/14_SCN1A	WT	brain	P24	F1	NA	NA	NA	SRR6930125	brain_F1_P24	WT	WT	WT	WT
SRR6930126	WT_F1_P24	Scn1a_strain_age	mouse	SCN1A	brain	/home/izamamede/SCN1A_and_SCN2A/quant/14_SCN1A	WT	brain	P24	F1	NA	NA	NA	SRR6930126	brain_F1_P24	WT	WT	WT	WT
SRR6930127	Het_129S6_P24	Scn1a_strain_age	mouse	SCN1A	brain	/home/izamamede/SCN1A_and_SCN2A/quant/14_SCN1A	Mut_het	brain	P24	129S6	NA	NA	NA	SRR6930127	brain_129S6_P24	whole_allele_KO	heterozygous	coding/structural	Scn1a het (129S6)
SRR6930128	Het_129S6_P24	Scn1a_strain_age	mouse	SCN1A	brain	/home/izamamede/SCN1A_and_SCN2A/quant/14_SCN1A	Mut_het	brain	P24	129S6	NA	NA	NA	SRR6930128	brain_129S6_P24	whole_allele_KO	heterozygous	coding/structural	Scn1a het (129S6)
SRR6930129	Het_129S6_P24	Scn1a_strain_age	mouse	SCN1A	brain	/home/izamamede/SCN1A_and_SCN2A/quant/14_SCN1A	Mut_het	brain	P24	129S6	NA	NA	NA	SRR6930129	brain_129S6_P24	whole_allele_KO	heterozygous	coding/structural	Scn1a het (129S6)
SRR6930130	WT_129S6_P24	Scn1a_strain_age	mouse	SCN1A	brain	/home/izamamede/SCN1A_and_SCN2A/quant/14_SCN1A	WT	brain	P24	129S6	NA	NA	NA	SRR6930130	brain_129S6_P24	WT	WT	WT	WT
SRR6930131	WT_129S6_P24	Scn1a_strain_age	mouse	SCN1A	brain	/home/izamamede/SCN1A_and_SCN2A/quant/14_SCN1A	WT	brain	P24	129S6	NA	NA	NA	SRR6930131	brain_129S6_P24	WT	WT	WT	WT
SRR6930132	WT_129S6_P24	Scn1a_strain_age	mouse	SCN1A	brain	/home/izamamede/SCN1A_and_SCN2A/quant/14_SCN1A	WT	brain	P24	129S6	NA	NA	NA	SRR6930132	brain_129S6_P24	WT	WT	WT	WT
SRR6930133	Het_F1_P14	Scn1a_strain_age	mouse	SCN1A	brain	/home/izamamede/SCN1A_and_SCN2A/quant/14_SCN1A	Mut_het	brain	P14	F1	NA	NA	NA	SRR6930133	brain_F1_P14	whole_allele_KO	heterozygous	coding/structural	Scn1a het (F1)
SRR6930134	Het_F1_P14	Scn1a_strain_age	mouse	SCN1A	brain	/home/izamamede/SCN1A_and_SCN2A/quant/14_SCN1A	Mut_het	brain	P14	F1	NA	NA	NA	SRR6930134	brain_F1_P14	whole_allele_KO	heterozygous	coding/structural	Scn1a het (F1)
SRR6930135	Het_F1_P14	Scn1a_strain_age	mouse	SCN1A	brain	/home/izamamede/SCN1A_and_SCN2A/quant/14_SCN1A	Mut_het	brain	P14	F1	NA	NA	NA	SRR6930135	brain_F1_P14	whole_allele_KO	heterozygous	coding/structural	Scn1a het (F1)
SRR6930136	WT_F1_P14	Scn1a_strain_age	mouse	SCN1A	brain	/home/izamamede/SCN1A_and_SCN2A/quant/14_SCN1A	WT	brain	P14	F1	NA	NA	NA	SRR6930136	brain_F1_P14	WT	WT	WT	WT
SRR6930137	WT_F1_P14	Scn1a_strain_age	mouse	SCN1A	brain	/home/izamamede/SCN1A_and_SCN2A/quant/14_SCN1A	WT	brain	P14	F1	NA	NA	NA	SRR6930137	brain_F1_P14	WT	WT	WT	WT
SRR6930138	WT_F1_P14	Scn1a_strain_age	mouse	SCN1A	brain	/home/izamamede/SCN1A_and_SCN2A/quant/14_SCN1A	WT	brain	P14	F1	NA	NA	NA	SRR6930138	brain_F1_P14	WT	WT	WT	WT
SRR6930139	Het_129S6_P14	Scn1a_strain_age	mouse	SCN1A	brain	/home/izamamede/SCN1A_and_SCN2A/quant/14_SCN1A	Mut_het	brain	P14	129S6	NA	NA	NA	SRR6930139	brain_129S6_P14	whole_allele_KO	heterozygous	coding/structural	Scn1a het (129S6)
SRR6930140	Het_129S6_P14	Scn1a_strain_age	mouse	SCN1A	brain	/home/izamamede/SCN1A_and_SCN2A/quant/14_SCN1A	Mut_het	brain	P14	129S6	NA	NA	NA	SRR6930140	brain_129S6_P14	whole_allele_KO	heterozygous	coding/structural	Scn1a het (129S6)
SRR6930141	Het_129S6_P14	Scn1a_strain_age	mouse	SCN1A	brain	/home/izamamede/SCN1A_and_SCN2A/quant/14_SCN1A	Mut_het	brain	P14	129S6	NA	NA	NA	SRR6930141	brain_129S6_P14	whole_allele_KO	heterozygous	coding/structural	Scn1a het (129S6)
SRR6930142	WT_129S6_P14	Scn1a_strain_age	mouse	SCN1A	brain	/home/izamamede/SCN1A_and_SCN2A/quant/14_SCN1A	WT	brain	P14	129S6	NA	NA	NA	SRR6930142	brain_129S6_P14	WT	WT	WT	WT
SRR6930143	WT_129S6_P14	Scn1a_strain_age	mouse	SCN1A	brain	/home/izamamede/SCN1A_and_SCN2A/quant/14_SCN1A	WT	brain	P14	129S6	NA	NA	NA	SRR6930143	brain_129S6_P14	WT	WT	WT	WT
SRR14054512	WT	Scn1a_1b_hip	mouse	SCN1A	hippocampus	/home/izamamede/SCN1A_and_SCN2A/quant/18_SCN1A	WT	hippocampus	NA	NA	NA	NA	NA	SRR14054512	hippocampus	WT	WT	WT	WT
SRR14054514	WT	Scn1a_1b_hip	mouse	SCN1A	hippocampus	/home/izamamede/SCN1A_and_SCN2A/quant/18_SCN1A	WT	hippocampus	NA	NA	NA	NA	NA	SRR14054514	hippocampus	WT	WT	WT	WT
SRR14054515	WT	Scn1a_1b_hip	mouse	SCN1A	hippocampus	/home/izamamede/SCN1A_and_SCN2A/quant/18_SCN1A	WT	hippocampus	NA	NA	NA	NA	NA	SRR14054515	hippocampus	WT	WT	WT	WT
SRR14054510	Het	Scn1a_1b_hip	mouse	SCN1A	hippocampus	/home/izamamede/SCN1A_and_SCN2A/quant/18_SCN1A	Mut_het	hippocampus	NA	NA	NA	NA	NA	SRR14054510	hippocampus	noncoding_deletion	heterozygous	regulatory/splicing	Scn1a 1b-del (het)
SRR14054511	Het	Scn1a_1b_hip	mouse	SCN1A	hippocampus	/home/izamamede/SCN1A_and_SCN2A/quant/18_SCN1A	Mut_het	hippocampus	NA	NA	NA	NA	NA	SRR14054511	hippocampus	noncoding_deletion	heterozygous	regulatory/splicing	Scn1a 1b-del (het)
SRR14054513	Het	Scn1a_1b_hip	mouse	SCN1A	hippocampus	/home/izamamede/SCN1A_and_SCN2A/quant/18_SCN1A	Mut_het	hippocampus	NA	NA	NA	NA	NA	SRR14054513	hippocampus	noncoding_deletion	heterozygous	regulatory/splicing	Scn1a 1b-del (het)
SRR25813533	WT1	SCN1A_poison_exons	human	SCN1A	iPSC_neuron	/home/izamamede/SCN1A_and_SCN2A/quant/8_SCN1A	WT	iPSC_neuron	NA	NA	WT1	NA	NA	SRR25813533	all	WT	WT	WT	WT
SRR25813532	WT1	SCN1A_poison_exons	human	SCN1A	iPSC_neuron	/home/izamamede/SCN1A_and_SCN2A/quant/8_SCN1A	WT	iPSC_neuron	NA	NA	WT1	NA	NA	SRR25813532	all	WT	WT	WT	WT
SRR25813521	WT1	SCN1A_poison_exons	human	SCN1A	iPSC_neuron	/home/izamamede/SCN1A_and_SCN2A/quant/8_SCN1A	WT	iPSC_neuron	NA	NA	WT1	NA	NA	SRR25813521	all	WT	WT	WT	WT
SRR25813510	WT1	SCN1A_poison_exons	human	SCN1A	iPSC_neuron	/home/izamamede/SCN1A_and_SCN2A/quant/8_SCN1A	WT	iPSC_neuron	NA	NA	WT1	NA	NA	SRR25813510	all	WT	WT	WT	WT
SRR25813509	WT2	SCN1A_poison_exons	human	SCN1A	iPSC_neuron	/home/izamamede/SCN1A_and_SCN2A/quant/8_SCN1A	WT	iPSC_neuron	NA	NA	WT2	NA	NA	SRR25813509	all	WT	WT	WT	WT
SRR25813508	WT2	SCN1A_poison_exons	human	SCN1A	iPSC_neuron	/home/izamamede/SCN1A_and_SCN2A/quant/8_SCN1A	WT	iPSC_neuron	NA	NA	WT2	NA	NA	SRR25813508	all	WT	WT	WT	WT
SRR25813507	WT2	SCN1A_poison_exons	human	SCN1A	iPSC_neuron	/home/izamamede/SCN1A_and_SCN2A/quant/8_SCN1A	WT	iPSC_neuron	NA	NA	WT2	NA	NA	SRR25813507	all	WT	WT	WT	WT
SRR25813506	V1	SCN1A_poison_exons	human	SCN1A	iPSC_neuron	/home/izamamede/SCN1A_and_SCN2A/quant/8_SCN1A	V1	iPSC_neuron	NA	NA	V1	NA	NA	SRR25813506	all	splice_poison_exon	heterozygous	regulatory/splicing	SCN1A V1
SRR25813505	V1	SCN1A_poison_exons	human	SCN1A	iPSC_neuron	/home/izamamede/SCN1A_and_SCN2A/quant/8_SCN1A	V1	iPSC_neuron	NA	NA	V1	NA	NA	SRR25813505	all	splice_poison_exon	heterozygous	regulatory/splicing	SCN1A V1
SRR25813531	V4	SCN1A_poison_exons	human	SCN1A	iPSC_neuron	/home/izamamede/SCN1A_and_SCN2A/quant/8_SCN1A	V4	iPSC_neuron	NA	NA	V4	NA	NA	SRR25813531	all	splice_poison_exon	heterozygous	regulatory/splicing	SCN1A V4
SRR25813530	V4	SCN1A_poison_exons	human	SCN1A	iPSC_neuron	/home/izamamede/SCN1A_and_SCN2A/quant/8_SCN1A	V4	iPSC_neuron	NA	NA	V4	NA	NA	SRR25813530	all	splice_poison_exon	heterozygous	regulatory/splicing	SCN1A V4
SRR25813504	V4	SCN1A_poison_exons	human	SCN1A	iPSC_neuron	/home/izamamede/SCN1A_and_SCN2A/quant/8_SCN1A	V4	iPSC_neuron	NA	NA	V4	NA	NA	SRR25813504	all	splice_poison_exon	heterozygous	regulatory/splicing	SCN1A V4
SRR25813529	V5	SCN1A_poison_exons	human	SCN1A	iPSC_neuron	/home/izamamede/SCN1A_and_SCN2A/quant/8_SCN1A	V5	iPSC_neuron	NA	NA	V5	NA	NA	SRR25813529	all	splice_poison_exon	heterozygous	regulatory/splicing	SCN1A V5
SRR25813528	V5	SCN1A_poison_exons	human	SCN1A	iPSC_neuron	/home/izamamede/SCN1A_and_SCN2A/quant/8_SCN1A	V5	iPSC_neuron	NA	NA	V5	NA	NA	SRR25813528	all	splice_poison_exon	heterozygous	regulatory/splicing	SCN1A V5
SRR22992025	Het	SCN2A_het_cohort	human	SCN2A	iPSC_neuron	/home/izamamede/SCN1A_and_SCN2A/quant/9_SCN2A	Mut_het	iPSC_neuron	NA	NA	NA	NA	NA	SRR22992025_SCN2A_Het	iPSC_neuron	CRISPR_het_deletion	heterozygous	coding/structural	SCN2A het
SRR22992026	Het	SCN2A_het_cohort	human	SCN2A	iPSC_neuron	/home/izamamede/SCN1A_and_SCN2A/quant/9_SCN2A	Mut_het	iPSC_neuron	NA	NA	NA	NA	NA	SRR22992026_SCN2A_Het	iPSC_neuron	CRISPR_het_deletion	heterozygous	coding/structural	SCN2A het
SRR22992029	Het	SCN2A_het_cohort	human	SCN2A	iPSC_neuron	/home/izamamede/SCN1A_and_SCN2A/quant/9_SCN2A	Mut_het	iPSC_neuron	NA	NA	NA	NA	NA	SRR22992029_SCN2A_Het	iPSC_neuron	CRISPR_het_deletion	heterozygous	coding/structural	SCN2A het
SRR22992030	Het	SCN2A_het_cohort	human	SCN2A	iPSC_neuron	/home/izamamede/SCN1A_and_SCN2A/quant/9_SCN2A	Mut_het	iPSC_neuron	NA	NA	NA	NA	NA	SRR22992030_SCN2A_Het	iPSC_neuron	CRISPR_het_deletion	heterozygous	coding/structural	SCN2A het
SRR22992032	Het	SCN2A_het_cohort	human	SCN2A	iPSC_neuron	/home/izamamede/SCN1A_and_SCN2A/quant/9_SCN2A	Mut_het	iPSC_neuron	NA	NA	NA	NA	NA	SRR22992032_SCN2A_Het	iPSC_neuron	CRISPR_het_deletion	heterozygous	coding/structural	SCN2A het
SRR22992033	Het	SCN2A_het_cohort	human	SCN2A	iPSC_neuron	/home/izamamede/SCN1A_and_SCN2A/quant/9_SCN2A	Mut_het	iPSC_neuron	NA	NA	NA	NA	NA	SRR22992033_SCN2A_Het	iPSC_neuron	CRISPR_het_deletion	heterozygous	coding/structural	SCN2A het
SRR22992034	Het	SCN2A_het_cohort	human	SCN2A	iPSC_neuron	/home/izamamede/SCN1A_and_SCN2A/quant/9_SCN2A	Mut_het	iPSC_neuron	NA	NA	NA	NA	NA	SRR22992034_SCN2A_Het	iPSC_neuron	CRISPR_het_deletion	heterozygous	coding/structural	SCN2A het
SRR22992037	Het	SCN2A_het_cohort	human	SCN2A	iPSC_neuron	/home/izamamede/SCN1A_and_SCN2A/quant/9_SCN2A	Mut_het	iPSC_neuron	NA	NA	NA	NA	NA	SRR22992037_SCN2A_Het	iPSC_neuron	CRISPR_het_deletion	heterozygous	coding/structural	SCN2A het
SRR22992038	Het	SCN2A_het_cohort	human	SCN2A	iPSC_neuron	/home/izamamede/SCN1A_and_SCN2A/quant/9_SCN2A	Mut_het	iPSC_neuron	NA	NA	NA	NA	NA	SRR22992038_SCN2A_Het	iPSC_neuron	CRISPR_het_deletion	heterozygous	coding/structural	SCN2A het
SRR22992041	Het	SCN2A_het_cohort	human	SCN2A	iPSC_neuron	/home/izamamede/SCN1A_and_SCN2A/quant/9_SCN2A	Mut_het	iPSC_neuron	NA	NA	NA	NA	NA	SRR22992041_SCN2A_Het	iPSC_neuron	CRISPR_het_deletion	heterozygous	coding/structural	SCN2A het
SRR22992043	Het	SCN2A_het_cohort	human	SCN2A	iPSC_neuron	/home/izamamede/SCN1A_and_SCN2A/quant/9_SCN2A	Mut_het	iPSC_neuron	NA	NA	NA	NA	NA	SRR22992043_SCN2A_Het	iPSC_neuron	CRISPR_het_deletion	heterozygous	coding/structural	SCN2A het
SRR22992044	Het	SCN2A_het_cohort	human	SCN2A	iPSC_neuron	/home/izamamede/SCN1A_and_SCN2A/quant/9_SCN2A	Mut_het	iPSC_neuron	NA	NA	NA	NA	NA	SRR22992044_SCN2A_Het	iPSC_neuron	CRISPR_het_deletion	heterozygous	coding/structural	SCN2A het
SRR22992045	Het	SCN2A_het_cohort	human	SCN2A	iPSC_neuron	/home/izamamede/SCN1A_and_SCN2A/quant/9_SCN2A	Mut_het	iPSC_neuron	NA	NA	NA	NA	NA	SRR22992045_SCN2A_Het	iPSC_neuron	CRISPR_het_deletion	heterozygous	coding/structural	SCN2A het
SRR22992046	Het	SCN2A_het_cohort	human	SCN2A	iPSC_neuron	/home/izamamede/SCN1A_and_SCN2A/quant/9_SCN2A	Mut_het	iPSC_neuron	NA	NA	NA	NA	NA	SRR22992046_SCN2A_Het	iPSC_neuron	CRISPR_het_deletion	heterozygous	coding/structural	SCN2A het
SRR22992047	Het	SCN2A_het_cohort	human	SCN2A	iPSC_neuron	/home/izamamede/SCN1A_and_SCN2A/quant/9_SCN2A	Mut_het	iPSC_neuron	NA	NA	NA	NA	NA	SRR22992047_SCN2A_Het	iPSC_neuron	CRISPR_het_deletion	heterozygous	coding/structural	SCN2A het
SRR22992049	Het	SCN2A_het_cohort	human	SCN2A	iPSC_neuron	/home/izamamede/SCN1A_and_SCN2A/quant/9_SCN2A	Mut_het	iPSC_neuron	NA	NA	NA	NA	NA	SRR22992049_SCN2A_Het	iPSC_neuron	CRISPR_het_deletion	heterozygous	coding/structural	SCN2A het
SRR22992050	Het	SCN2A_het_cohort	human	SCN2A	iPSC_neuron	/home/izamamede/SCN1A_and_SCN2A/quant/9_SCN2A	Mut_het	iPSC_neuron	NA	NA	NA	NA	NA	SRR22992050_SCN2A_Het	iPSC_neuron	CRISPR_het_deletion	heterozygous	coding/structural	SCN2A het
SRR22992051	Het	SCN2A_het_cohort	human	SCN2A	iPSC_neuron	/home/izamamede/SCN1A_and_SCN2A/quant/9_SCN2A	Mut_het	iPSC_neuron	NA	NA	NA	NA	NA	SRR22992051_SCN2A_Het	iPSC_neuron	CRISPR_het_deletion	heterozygous	coding/structural	SCN2A het
SRR22992052	Het	SCN2A_het_cohort	human	SCN2A	iPSC_neuron	/home/izamamede/SCN1A_and_SCN2A/quant/9_SCN2A	Mut_het	iPSC_neuron	NA	NA	NA	NA	NA	SRR22992052_SCN2A_Het	iPSC_neuron	CRISPR_het_deletion	heterozygous	coding/structural	SCN2A het
SRR22992054	Het	SCN2A_het_cohort	human	SCN2A	iPSC_neuron	/home/izamamede/SCN1A_and_SCN2A/quant/9_SCN2A	Mut_het	iPSC_neuron	NA	NA	NA	NA	NA	SRR22992054_SCN2A_Het	iPSC_neuron	CRISPR_het_deletion	heterozygous	coding/structural	SCN2A het
SRR22992027	WT	SCN2A_het_cohort	human	SCN2A	iPSC_neuron	/home/izamamede/SCN1A_and_SCN2A/quant/9_SCN2A	WT	iPSC_neuron	NA	NA	NA	NA	NA	SRR22992027_SCN2A_WT	iPSC_neuron	WT	WT	WT	WT
SRR22992028	WT	SCN2A_het_cohort	human	SCN2A	iPSC_neuron	/home/izamamede/SCN1A_and_SCN2A/quant/9_SCN2A	WT	iPSC_neuron	NA	NA	NA	NA	NA	SRR22992028_SCN2A_WT	iPSC_neuron	WT	WT	WT	WT
SRR22992031	WT	SCN2A_het_cohort	human	SCN2A	iPSC_neuron	/home/izamamede/SCN1A_and_SCN2A/quant/9_SCN2A	WT	iPSC_neuron	NA	NA	NA	NA	NA	SRR22992031_SCN2A_WT	iPSC_neuron	WT	WT	WT	WT
SRR22992035	WT	SCN2A_het_cohort	human	SCN2A	iPSC_neuron	/home/izamamede/SCN1A_and_SCN2A/quant/9_SCN2A	WT	iPSC_neuron	NA	NA	NA	NA	NA	SRR22992035_SCN2A_WT	iPSC_neuron	WT	WT	WT	WT
SRR22992036	WT	SCN2A_het_cohort	human	SCN2A	iPSC_neuron	/home/izamamede/SCN1A_and_SCN2A/quant/9_SCN2A	WT	iPSC_neuron	NA	NA	NA	NA	NA	SRR22992036_SCN2A_WT	iPSC_neuron	WT	WT	WT	WT
SRR22992039	WT	SCN2A_het_cohort	human	SCN2A	iPSC_neuron	/home/izamamede/SCN1A_and_SCN2A/quant/9_SCN2A	WT	iPSC_neuron	NA	NA	NA	NA	NA	SRR22992039_SCN2A_WT	iPSC_neuron	WT	WT	WT	WT
SRR22992040	WT	SCN2A_het_cohort	human	SCN2A	iPSC_neuron	/home/izamamede/SCN1A_and_SCN2A/quant/9_SCN2A	WT	iPSC_neuron	NA	NA	NA	NA	NA	SRR22992040_SCN2A_WT	iPSC_neuron	WT	WT	WT	WT
SRR22992042	WT	SCN2A_het_cohort	human	SCN2A	iPSC_neuron	/home/izamamede/SCN1A_and_SCN2A/quant/9_SCN2A	WT	iPSC_neuron	NA	NA	NA	NA	NA	SRR22992042_SCN2A_WT	iPSC_neuron	WT	WT	WT	WT
SRR22992048	WT	SCN2A_het_cohort	human	SCN2A	iPSC_neuron	/home/izamamede/SCN1A_and_SCN2A/quant/9_SCN2A	WT	iPSC_neuron	NA	NA	NA	NA	NA	SRR22992048_SCN2A_WT	iPSC_neuron	WT	WT	WT	WT
SRR22992053	WT	SCN2A_het_cohort	human	SCN2A	iPSC_neuron	/home/izamamede/SCN1A_and_SCN2A/quant/9_SCN2A	WT	iPSC_neuron	NA	NA	NA	NA	NA	SRR22992053_SCN2A_WT	iPSC_neuron	WT	WT	WT	WT
SRR6368550	mut_iPSC	SCN2A_KO_iPSC	human	SCN2A	iPSC_and_neuron	/home/izamamede/SCN1A_and_SCN2A/quant/15_SCN2A	Mut_hom	iPSC_and_neuron	NA	NA	NA	iPSC	NA	SRR6368550	iPSC_and_neuron_iPSC	CRISPR_PTC_KO	homozygous	coding/structural	SCN2A KO (hom)
SRR6368551	mut_iPSC	SCN2A_KO_iPSC	human	SCN2A	iPSC_and_neuron	/home/izamamede/SCN1A_and_SCN2A/quant/15_SCN2A	Mut_hom	iPSC_and_neuron	NA	NA	NA	iPSC	NA	SRR6368551	iPSC_and_neuron_iPSC	CRISPR_PTC_KO	homozygous	coding/structural	SCN2A KO (hom)
SRR6368552	mut_iPSC	SCN2A_KO_iPSC	human	SCN2A	iPSC_and_neuron	/home/izamamede/SCN1A_and_SCN2A/quant/15_SCN2A	Mut_hom	iPSC_and_neuron	NA	NA	NA	iPSC	NA	SRR6368552	iPSC_and_neuron_iPSC	CRISPR_PTC_KO	homozygous	coding/structural	SCN2A KO (hom)
SRR6368553	mut_iPSC	SCN2A_KO_iPSC	human	SCN2A	iPSC_and_neuron	/home/izamamede/SCN1A_and_SCN2A/quant/15_SCN2A	Mut_hom	iPSC_and_neuron	NA	NA	NA	iPSC	NA	SRR6368553	iPSC_and_neuron_iPSC	CRISPR_PTC_KO	homozygous	coding/structural	SCN2A KO (hom)
SRR6368526	ctrl_iPSC	SCN2A_KO_iPSC	human	SCN2A	iPSC_and_neuron	/home/izamamede/SCN1A_and_SCN2A/quant/15_SCN2A	WT	iPSC_and_neuron	NA	NA	NA	iPSC	NA	SRR6368526	iPSC_and_neuron_iPSC	WT	WT	WT	WT
SRR6368527	ctrl_iPSC	SCN2A_KO_iPSC	human	SCN2A	iPSC_and_neuron	/home/izamamede/SCN1A_and_SCN2A/quant/15_SCN2A	WT	iPSC_and_neuron	NA	NA	NA	iPSC	NA	SRR6368527	iPSC_and_neuron_iPSC	WT	WT	WT	WT
SRR6368528	ctrl_iPSC	SCN2A_KO_iPSC	human	SCN2A	iPSC_and_neuron	/home/izamamede/SCN1A_and_SCN2A/quant/15_SCN2A	WT	iPSC_and_neuron	NA	NA	NA	iPSC	NA	SRR6368528	iPSC_and_neuron_iPSC	WT	WT	WT	WT
SRR6368529	ctrl_iPSC	SCN2A_KO_iPSC	human	SCN2A	iPSC_and_neuron	/home/izamamede/SCN1A_and_SCN2A/quant/15_SCN2A	WT	iPSC_and_neuron	NA	NA	NA	iPSC	NA	SRR6368529	iPSC_and_neuron_iPSC	WT	WT	WT	WT
SRR6368562	ctrl_iPSC	SCN2A_KO_iPSC	human	SCN2A	iPSC_and_neuron	/home/izamamede/SCN1A_and_SCN2A/quant/15_SCN2A	WT	iPSC_and_neuron	NA	NA	NA	iPSC	NA	SRR6368562	iPSC_and_neuron_iPSC	WT	WT	WT	WT
SRR6368563	ctrl_iPSC	SCN2A_KO_iPSC	human	SCN2A	iPSC_and_neuron	/home/izamamede/SCN1A_and_SCN2A/quant/15_SCN2A	WT	iPSC_and_neuron	NA	NA	NA	iPSC	NA	SRR6368563	iPSC_and_neuron_iPSC	WT	WT	WT	WT
SRR6368564	ctrl_iPSC	SCN2A_KO_iPSC	human	SCN2A	iPSC_and_neuron	/home/izamamede/SCN1A_and_SCN2A/quant/15_SCN2A	WT	iPSC_and_neuron	NA	NA	NA	iPSC	NA	SRR6368564	iPSC_and_neuron_iPSC	WT	WT	WT	WT
SRR6368565	ctrl_iPSC	SCN2A_KO_iPSC	human	SCN2A	iPSC_and_neuron	/home/izamamede/SCN1A_and_SCN2A/quant/15_SCN2A	WT	iPSC_and_neuron	NA	NA	NA	iPSC	NA	SRR6368565	iPSC_and_neuron_iPSC	WT	WT	WT	WT
ASD16-1_70_quant	NA	SCN2A_LoF_hiPSC_IDOR	human	SCN2A	hiPSC-neuron	/home/izamamede/SCN1A_and_SCN2A/results/bulk/counts_gene	Mut_het	NA	NA	NA	ASD16	iPSC-derived neuron	NA	NA	all	NA	NA	NA	SCN2A ASD16
ASD16-3_72_quant	NA	SCN2A_LoF_hiPSC_IDOR	human	SCN2A	hiPSC-neuron	/home/izamamede/SCN1A_and_SCN2A/results/bulk/counts_gene	Mut_het	NA	NA	NA	ASD16	iPSC-derived neuron	NA	NA	all	NA	NA	NA	SCN2A ASD16
ASD17-1_73_quant	NA	SCN2A_LoF_hiPSC_IDOR	human	SCN2A	hiPSC-neuron	/home/izamamede/SCN1A_and_SCN2A/results/bulk/counts_gene	Mut_het	NA	NA	NA	ASD17	iPSC-derived neuron	NA	NA	all	NA	NA	NA	SCN2A ASD17
ASD17-2_74_quant	NA	SCN2A_LoF_hiPSC_IDOR	human	SCN2A	hiPSC-neuron	/home/izamamede/SCN1A_and_SCN2A/results/bulk/counts_gene	Mut_het	NA	NA	NA	ASD17	iPSC-derived neuron	NA	NA	all	NA	NA	NA	SCN2A ASD17
EA1-2_77_quant	NA	SCN2A_LoF_hiPSC_IDOR	human	SCN2A	hiPSC-neuron	/home/izamamede/SCN1A_and_SCN2A/results/bulk/counts_gene	WT	NA	NA	NA	EA1	iPSC-derived neuron	NA	NA	all	NA	NA	NA	WT
EA1-3_78_quant	NA	SCN2A_LoF_hiPSC_IDOR	human	SCN2A	hiPSC-neuron	/home/izamamede/SCN1A_and_SCN2A/results/bulk/counts_gene	WT	NA	NA	NA	EA1	iPSC-derived neuron	NA	NA	all	NA	NA	NA	WT
EB3-1_64_quant	NA	SCN2A_LoF_hiPSC_IDOR	human	SCN2A	hiPSC-neuron	/home/izamamede/SCN1A_and_SCN2A/results/bulk/counts_gene	WT	NA	NA	NA	EB3	iPSC-derived neuron	NA	NA	all	NA	NA	NA	WT
EB3-2_65_quant	NA	SCN2A_LoF_hiPSC_IDOR	human	SCN2A	hiPSC-neuron	/home/izamamede/SCN1A_and_SCN2A/results/bulk/counts_gene	WT	NA	NA	NA	EB3	iPSC-derived neuron	NA	NA	all	NA	NA	NA	WT
EB4-2_62_quant	NA	SCN2A_LoF_hiPSC_IDOR	human	SCN2A	hiPSC-neuron	/home/izamamede/SCN1A_and_SCN2A/results/bulk/counts_gene	WT	NA	NA	NA	EB4	iPSC-derived neuron	NA	NA	all	NA	NA	NA	WT
EB4-3_63_quant	NA	SCN2A_LoF_hiPSC_IDOR	human	SCN2A	hiPSC-neuron	/home/izamamede/SCN1A_and_SCN2A/results/bulk/counts_gene	WT	NA	NA	NA	EB4	iPSC-derived neuron	NA	NA	all	NA	NA	NA	WT
IM5-2_68_quant	NA	SCN2A_LoF_hiPSC_IDOR	human	SCN2A	hiPSC-neuron	/home/izamamede/SCN1A_and_SCN2A/results/bulk/counts_gene	Mut_het	NA	NA	NA	IM5	iPSC-derived neuron	NA	NA	all	NA	NA	NA	SCN2A IM5
IM5-3_69_quant	NA	SCN2A_LoF_hiPSC_IDOR	human	SCN2A	hiPSC-neuron	/home/izamamede/SCN1A_and_SCN2A/results/bulk/counts_gene	Mut_het	NA	NA	NA	IM5	iPSC-derived neuron	NA	NA	all	NA	NA	NA	SCN2A IM5
