dataset_id	gene	organism	assay	subtype	tissue_system	genotypes	n_samples	source_paper	accession	pmid_doi	status	mechanism	notes
SCN2A_LoF_hiPSC_IDOR	SCN2A	human	RNA-seq	isoform-resolved	hiPSC-derived neurons	SCN2A_LoF;control	12	Lima, Rossi, Mamede et al. 2026	bioRxiv:2026.03.20.713167	10.64898/2026.03.20.713167	our_dataset	LoF (haploinsufficiency)	Anchor. NMD, isoform depletion, AIS shortening, lncRNA. ASD16/ASD17/IM5 vs EA1/EB3/EB4.
SCN2A_organoid_sc	SCN2A	human	RNA-seq	single-cell	cortical/midbrain/striatum organoid	SCN2A	3	Erik et al.	GSE312664	PMID:41706855	to_check	unspecified	single-cell (PIPseq); camada separada.
Scn2a_sgRNA_cortex	SCN2A	mouse	RNA-seq	bulk	mouse cortex + Neuro-2a	WT;Scn2a_het	6	Nadav/Bender et al.	SRR34568245-34568250	PMID (Nature 2025)	quantified	haploinsufficiency	WT vs Scn2a+/- (Het). 3v3. GSM9113097-102.
Scn1a_KI_brainstem_sc	SCN1A	mouse	RNA-seq	single-cell	mouse brainstem (P40-50)	WT;Scn1a_A1783V_KI	3	Dravet KI study	SRR34327466-34327468	PMID:41511350	to_check	LoF (A1783V)	single-cell; tem proteoma (MSV000098704).
SCN2A_singh_sc	SCN2A	human	RNA-seq	single-cell	hiPSC neurons	unspecified	4	Karun Singh, U Toronto	SRR32708178-32708181	PMID:38293651	FLEX_probe_failed	unspecified	padlock-probe incompatível com quant.
SCN2A_iPSC_LoF_pair	SCN2A	human	RNA-seq	bulk	human iPSC	homozygote;heterozygote;control	4	unpublished (CD14/CW2107)	SRR28456463;SRR28456530;SRR28456482;SRR28456523		quantified	LoF (múltiplas inseridas)	n=1/condição.
Scn2a_mouse_sc_big	SCN2A	mouse	RNA-seq	single-cell	mouse	unspecified	1	large sc study	SRR27372616	PMID:40753153	to_check	unspecified	single replicate.
SCN1A_poison_exons	SCN1A	human	RNA-seq	bulk	hiPSC-derived neurons	WT1_GM51;WT2_GM52;V1;V4;V5	15	Happ et al. 2023	SRX21535647-...-21535653	10.1172/jci.insight.188014	quantified	LoF (poison exon 20N)	exon venenoso -> stop prematuro -> NaV1.1 reduzido.
SCN2A_het_cohort	SCN2A	human	RNA-seq	bulk	patient-derived	SCN2A_het;WT	30	het cohort study	SRR22992025-22992054	PMID:37082147	quantified	haploinsufficiency	maior braço human (20 Het + 10 WT).
Scn2a_gt_cortex	SCN2A	mouse	RNA-seq	bulk	mouse cortex	WT;Scn2a_gt_hom	8	seminal Scn2a paper	SRR15085148-15085155	PMID:34348148	quantified	LoF (gene-trap hom)	modelo homozigoto.
Scn1a_ctx_hip_rescue	SCN1A	mouse	RNA-seq	bulk	mouse cortex + hippocampus	WT;Het;Rescue	24	rescue study	SRR14113817-14113840	PMID:35013317	quantified	haploinsufficiency + rescue	único mouse com braço Rescue.
Scn1a_age_lowdepth	SCN1A	mouse	RNA-seq	bulk	mouse	WT;Het	8	aging study	SRR12107227-12107234	PMID:33411788	quantified	haploinsufficiency	baixa profundidade; ampla faixa etária.
Scn1a_A1783V_hip	SCN1A	mouse	RNA-seq	bulk	mouse hippocampus	WT;A1783V	6	unpublished	SRR11681073-11681079		quantified	LoF (A1783V)	baixa profundidade hip.
Scn1a_strain_age	SCN1A	mouse	RNA-seq	bulk	mouse (F1 / 129S6)	WT;Het	22	strain/age study	SRR6930122-6930143	PMID:38862622	quantified	haploinsufficiency	baixa profundidade; strain x age.
SCN2A_KO_iPSC	SCN2A	human	RNA-seq	bulk	iPSC + NEUROG2 neuron	SCN2A_KO;control	16	CRISPR KO study	SRR6368526-6368571(subset)	PMID:30392976	quantified	LoF (CRISPR KO)	iPSC e neuron como 2 camadas; neuron n=1.
SCN1A_GEO_GSE289689	SCN1A	human	RNA-seq	bulk	unclear	unclear		not clearly linked	GSE289689	PMC12241342	to_check	unspecified	TODO: resolver GEO->SRA.
SCN1A_ATAC_GSE274660	SCN1A	human	ATAC-seq	ATAC	human	unspecified	3	eLife 92599	GSE274660	eLife:92599	to_check	chromatin accessibility	epigenoma, não expressão.
Scn1a_1b_hip	SCN1A	mouse	RNA-seq	bulk	mouse hippocampus (P32)	WT;Het	6	1b enhancer study	SRR14054510-14054515	PMID:33910599	quantified	regulatory (1b del)	single-end; forte efeito de sexo.
PROT_Scn1a_KI_mouse	SCN1A	mouse	proteomic	label-free MS/MS	mouse (A1783V KI)	WT;A1783V	1	Dravet KI (mesmo do sc)	MSV000098704	PMID:41511350	to_check	LoF (A1783V)	liberado 2026-05-19.
PROT_SCN1A_KO_organoid	SCN1A	human	proteomic	label-free MS/MS	organoid	homozygous_KO		organoid KO	PDX049155	PMID:39346820	to_check	LoF (KO homozigoto)	KO dos 2 alelos; não fisiológico.
PROT_Scn1a_LoF_seizure	SCN1A	mouse	proteomic	label-free MS/MS	mouse (2 & 4 wk)	LoF	5/grupo	seizure timecourse	PXD025494	PMID:34144125	to_check	LoF	código não resolve no ProteomeXchange.
PROT_Dravet_TMT_hiPSC	SCN1A	human	proteomic	TMT	Dravet hiPSC	Dravet	9	ours (Dravet TMT)	PXD070101	PMC13126102	our_dataset	LoF (Dravet)	nosso proteoma; público no PRIDE.
