sample	dataset	organism	mutation	gene	TSNE1	TSNE2
SRR34568245	Nadav_SCN2A_N2a	mouse	NA	SCN2A	6.242583211142647	-0.24376653040234553
SRR34568246	Nadav_SCN2A_N2a	mouse	NA	SCN2A	6.242643052895614	-0.24383271139430557
SRR34568247	Nadav_SCN2A_N2a	mouse	NA	SCN2A	6.242641022814458	-0.24383000554113457
SRR34568248	Nadav_SCN2A_N2a	mouse	NA	SCN2A	6.242566602744481	-0.24384069354206356
SRR34568249	Nadav_SCN2A_N2a	mouse	NA	SCN2A	6.242626738275771	-0.243845291059794
SRR34568250	Nadav_SCN2A_N2a	mouse	NA	SCN2A	6.242785140810522	-0.24384897167683203
SRR15085148	Scn2a_gt_cortex	mouse	WT	SCN2A	-0.4903932110542091	0.6484835071267712
SRR15085149	Scn2a_gt_cortex	mouse	WT	SCN2A	-0.03055754314679401	-0.4595414574170553
SRR15085150	Scn2a_gt_cortex	mouse	WT	SCN2A	-0.32414832800278914	-0.26876213425750395
SRR15085151	Scn2a_gt_cortex	mouse	WT	SCN2A	-0.5864272859698549	0.8217604348821551
SRR15085152	Scn2a_gt_cortex	mouse	Mut_hom	SCN2A	-1.9676964039882967	0.35835648944254245
SRR15085153	Scn2a_gt_cortex	mouse	Mut_hom	SCN2A	-1.719029974923279	0.591954408988464
SRR15085154	Scn2a_gt_cortex	mouse	Mut_hom	SCN2A	-1.9493673821964952	0.3715843717165536
SRR15085155	Scn2a_gt_cortex	mouse	Mut_hom	SCN2A	-1.9659461722341345	1.1559601909045178
SRR14113833	Scn1a_ctx_hip_rescue	mouse	WT	SCN1A	-1.2666679303831718	-4.438309909336247
SRR14113834	Scn1a_ctx_hip_rescue	mouse	WT	SCN1A	-1.840795335290754	-4.386156244339177
SRR14113835	Scn1a_ctx_hip_rescue	mouse	WT	SCN1A	1.9803188599884431	-3.820256427017251
SRR14113836	Scn1a_ctx_hip_rescue	mouse	WT	SCN1A	-3.5619049121434925	-3.718292620114906
SRR14113837	Scn1a_ctx_hip_rescue	mouse	WT	SCN1A	1.767322143565452	4.097965935314515
SRR14113838	Scn1a_ctx_hip_rescue	mouse	WT	SCN1A	1.8930860753232528	3.810021248945675
SRR14113839	Scn1a_ctx_hip_rescue	mouse	WT	SCN1A	1.846661252684987	4.231861514282166
SRR14113840	Scn1a_ctx_hip_rescue	mouse	WT	SCN1A	2.3372315118063733	4.835843147283809
SRR14113817	Scn1a_ctx_hip_rescue	mouse	Mut_het	SCN1A	0.8084127191937861	-4.5610281454520445
SRR14113818	Scn1a_ctx_hip_rescue	mouse	Mut_het	SCN1A	0.9485740766395964	-4.450198820678678
SRR14113819	Scn1a_ctx_hip_rescue	mouse	Mut_het	SCN1A	0.945957545074732	-4.456578713840482
SRR14113820	Scn1a_ctx_hip_rescue	mouse	Mut_het	SCN1A	-1.4290233560090948	-5.064356385710752
SRR14113821	Scn1a_ctx_hip_rescue	mouse	Mut_het	SCN1A	-0.23851161048835895	4.244667056834334
SRR14113822	Scn1a_ctx_hip_rescue	mouse	Mut_het	SCN1A	-0.13269204164931225	5.123020122477073
SRR14113823	Scn1a_ctx_hip_rescue	mouse	Mut_het	SCN1A	0.27773148448801094	4.167571495472837
SRR14113824	Scn1a_ctx_hip_rescue	mouse	Mut_het	SCN1A	0.6360073405701495	4.424739694617876
SRR14113825	Scn1a_ctx_hip_rescue	mouse	Rescue	SCN1A	-1.0914732430606404	-3.0314991628514076
SRR14113826	Scn1a_ctx_hip_rescue	mouse	Rescue	SCN1A	-1.9722351496538009	-4.315165588113719
SRR14113827	Scn1a_ctx_hip_rescue	mouse	Rescue	SCN1A	2.543833682796302	-2.2440223199566076
SRR14113828	Scn1a_ctx_hip_rescue	mouse	Rescue	SCN1A	-3.5691673723387183	-3.72629555402784
SRR14113829	Scn1a_ctx_hip_rescue	mouse	Rescue	SCN1A	0.3362667983101573	5.496857484684757
SRR14113830	Scn1a_ctx_hip_rescue	mouse	Rescue	SCN1A	2.2673482191539165	5.054133313551165
SRR14113831	Scn1a_ctx_hip_rescue	mouse	Rescue	SCN1A	1.85861376760256	-3.945291455246508
SRR14113832	Scn1a_ctx_hip_rescue	mouse	Rescue	SCN1A	1.878207075048975	5.622292109054198
SRR12107229	Scn1a_aging	mouse	WT	SCN1A	-0.7065918263874625	-0.8066522193539151
SRR12107230	Scn1a_aging	mouse	WT	SCN1A	0.01317789505960518	-2.2331935402504057
SRR12107232	Scn1a_aging	mouse	WT	SCN1A	-2.5274417423764683	1.2638222378181383
SRR12107233	Scn1a_aging	mouse	WT	SCN1A	-2.412746009826191	2.414117256220321
SRR12107227	Scn1a_aging	mouse	Mut_het	SCN1A	-0.08755097645233595	-2.2566065319688144
SRR12107228	Scn1a_aging	mouse	Mut_het	SCN1A	-0.5068361651537403	-1.3042948880664256
SRR12107231	Scn1a_aging	mouse	Mut_het	SCN1A	2.6697590960812794	0.2140494322247802
SRR12107234	Scn1a_aging	mouse	Mut_het	SCN1A	-2.7540117026886852	1.5087590734317189
SRR11681073	Scn1a_A1783V_hip	mouse	WT	SCN1A	-3.4102269239401606	1.3875797318033285
SRR11681074	Scn1a_A1783V_hip	mouse	WT	SCN1A	-0.4935544082691924	0.2576823567063548
SRR11681075	Scn1a_A1783V_hip	mouse	WT	SCN1A	2.5039561988252435	1.4392833848643334
SRR11681076	Scn1a_A1783V_hip	mouse	Mut_hom	SCN1A	-1.1829985576508626	1.6309257626623497
SRR11681078	Scn1a_A1783V_hip	mouse	Mut_hom	SCN1A	0.983616473933559	-1.7666324294838087
SRR11681079	Scn1a_A1783V_hip	mouse	Mut_hom	SCN1A	-1.3297849741123549	2.072178822682024
SRR6930122	Scn1a_strain_age	mouse	Mut_het	SCN1A	1.4034451425666552	-0.18411492763688567
SRR6930123	Scn1a_strain_age	mouse	Mut_het	SCN1A	1.3272502391547618	-0.09434508303583432
SRR6930124	Scn1a_strain_age	mouse	WT	SCN1A	1.467714803195305	-0.5489860020856743
SRR6930125	Scn1a_strain_age	mouse	WT	SCN1A	1.3542711564964929	-0.4000736078643966
SRR6930126	Scn1a_strain_age	mouse	WT	SCN1A	1.290034595659686	-0.3928745103132869
SRR6930127	Scn1a_strain_age	mouse	Mut_het	SCN1A	0.9040932369458584	1.616555416811059
SRR6930128	Scn1a_strain_age	mouse	Mut_het	SCN1A	1.4221235366925469	1.536708392741005
SRR6930129	Scn1a_strain_age	mouse	Mut_het	SCN1A	0.8064248983440444	1.4561419285616548
SRR6930130	Scn1a_strain_age	mouse	WT	SCN1A	0.7165940526175635	1.4948556026914828
SRR6930131	Scn1a_strain_age	mouse	WT	SCN1A	0.8413451016309293	1.205977774211367
SRR6930132	Scn1a_strain_age	mouse	WT	SCN1A	0.5190703509048226	2.1543896046313904
SRR6930133	Scn1a_strain_age	mouse	Mut_het	SCN1A	-3.8678892439329458	-0.4593472377808214
SRR6930134	Scn1a_strain_age	mouse	Mut_het	SCN1A	-4.345750561798703	-0.5345757866057994
SRR6930135	Scn1a_strain_age	mouse	Mut_het	SCN1A	-3.7630258462773094	-1.2905817105291697
SRR6930136	Scn1a_strain_age	mouse	WT	SCN1A	-3.64825246089232	-0.4942888919532461
SRR6930137	Scn1a_strain_age	mouse	WT	SCN1A	-3.512337354235889	-0.9984936925572556
SRR6930138	Scn1a_strain_age	mouse	WT	SCN1A	-3.623152462935371	-0.6591496920551941
SRR6930139	Scn1a_strain_age	mouse	Mut_het	SCN1A	-2.56368881306637	-1.8553196483385763
SRR6930140	Scn1a_strain_age	mouse	Mut_het	SCN1A	-2.355732549637162	-1.640348843099577
SRR6930141	Scn1a_strain_age	mouse	Mut_het	SCN1A	-2.194656256916944	-1.2969349570136568
SRR6930142	Scn1a_strain_age	mouse	WT	SCN1A	-2.153743677660798	-1.352931280710281
SRR6930143	Scn1a_strain_age	mouse	WT	SCN1A	-2.1664273244054706	-1.3075623227134412
SRR14054512	Scn1a_1b_hip	mouse	WT	SCN1A	-0.929230845972737	0.02065144882966235
SRR14054514	Scn1a_1b_hip	mouse	WT	SCN1A	-0.921347072810018	-0.22648357834799976
SRR14054515	Scn1a_1b_hip	mouse	WT	SCN1A	-1.1054756181011565	-0.3483959552835822
SRR14054510	Scn1a_1b_hip	mouse	Mut_het	SCN1A	0.04565068150577178	-0.3676005920000738
SRR14054511	Scn1a_1b_hip	mouse	Mut_het	SCN1A	-0.42504295614916665	0.07333741420990772
SRR14054513	Scn1a_1b_hip	mouse	Mut_het	SCN1A	-0.926412196361303	0.3644189043444941
SRR25813533	SCN1A_poison_exons	human	WT	SCN1A	-0.05294020184620419	-4.06595189491089
SRR25813532	SCN1A_poison_exons	human	WT	SCN1A	-0.05276819156275866	-4.061205568034182
SRR25813521	SCN1A_poison_exons	human	WT	SCN1A	1.6789857396786552	4.205059319424047
SRR25813510	SCN1A_poison_exons	human	WT	SCN1A	1.6790890657973994	4.204464698156945
SRR25813509	SCN1A_poison_exons	human	WT	SCN1A	-2.9627759190969862	-4.224379375273307
SRR25813508	SCN1A_poison_exons	human	WT	SCN1A	-3.015440959220106	-4.2638081320938745
SRR25813507	SCN1A_poison_exons	human	WT	SCN1A	-3.019049658260499	-4.2607683446821785
SRR25813506	SCN1A_poison_exons	human	SCN1A V1	SCN1A	-6.920779426136158	-1.3391101394226614
SRR25813505	SCN1A_poison_exons	human	SCN1A V1	SCN1A	-6.889520009056147	-1.3438260814856569
SRR25813531	SCN1A_poison_exons	human	SCN1A V4	SCN1A	-5.7926818016854975	-0.947405364420538
SRR25813530	SCN1A_poison_exons	human	SCN1A V4	SCN1A	-6.0606037319396115	-1.119549198411646
SRR25813504	SCN1A_poison_exons	human	SCN1A V4	SCN1A	-5.780429292557539	-0.9430698392016316
SRR25813529	SCN1A_poison_exons	human	SCN1A V5	SCN1A	-6.55791039467988	-2.0917345183258496
SRR25813528	SCN1A_poison_exons	human	SCN1A V5	SCN1A	-6.356034008089165	-2.1396854612007035
SRR22992025	SCN2A_het_cohort	human	SCN2A het	SCN2A	5.673825872962957	-1.7093796889177972
SRR22992026	SCN2A_het_cohort	human	SCN2A het	SCN2A	6.838344012879388	-1.4671093507398476
SRR22992029	SCN2A_het_cohort	human	SCN2A het	SCN2A	0.5885735498847344	0.9312015705745362
SRR22992030	SCN2A_het_cohort	human	SCN2A het	SCN2A	0.6991949410743977	-1.3194388430582016
SRR22992032	SCN2A_het_cohort	human	SCN2A het	SCN2A	0.6375242359949996	-0.2914992484152872
SRR22992033	SCN2A_het_cohort	human	SCN2A het	SCN2A	5.687697598914246	-1.7051026123234587
SRR22992034	SCN2A_het_cohort	human	SCN2A het	SCN2A	6.9830716725966875	-1.414751055617285
SRR22992037	SCN2A_het_cohort	human	SCN2A het	SCN2A	2.2529998394019968	1.6401315322032677
SRR22992038	SCN2A_het_cohort	human	SCN2A het	SCN2A	3.4061458432291176	-1.4676524025557758
SRR22992041	SCN2A_het_cohort	human	SCN2A het	SCN2A	1.9284105037567971	-0.5457833869775776
SRR22992043	SCN2A_het_cohort	human	SCN2A het	SCN2A	0.5804142163421637	1.1701183968169504
SRR22992044	SCN2A_het_cohort	human	SCN2A het	SCN2A	3.1524284279815604	-0.9684737761969596
SRR22992045	SCN2A_het_cohort	human	SCN2A het	SCN2A	7.0710361584034445	-1.3579387078690262
SRR22992046	SCN2A_het_cohort	human	SCN2A het	SCN2A	1.9725728591154912	-1.447506529391872
SRR22992047	SCN2A_het_cohort	human	SCN2A het	SCN2A	2.5507561980634064	-1.7749350625434217
SRR22992049	SCN2A_het_cohort	human	SCN2A het	SCN2A	1.0150740795206807	1.3395422675733466
SRR22992050	SCN2A_het_cohort	human	SCN2A het	SCN2A	1.0940050898053444	-0.6888783447135272
SRR22992051	SCN2A_het_cohort	human	SCN2A het	SCN2A	-0.498536222977228	-1.593982434177463
SRR22992052	SCN2A_het_cohort	human	SCN2A het	SCN2A	1.2884269032784066	-1.2712920006999642
SRR22992054	SCN2A_het_cohort	human	SCN2A het	SCN2A	1.2322436176169669	-0.3952179240947532
SRR22992027	SCN2A_het_cohort	human	WT	SCN2A	0.6261037027213842	-1.758041272055325
SRR22992028	SCN2A_het_cohort	human	WT	SCN2A	0.5971031927213157	-1.3218644152061612
SRR22992031	SCN2A_het_cohort	human	WT	SCN2A	0.3840012726489815	-0.4960382709008263
SRR22992035	SCN2A_het_cohort	human	WT	SCN2A	-2.0241389834127834	-1.2769563730577311
SRR22992036	SCN2A_het_cohort	human	WT	SCN2A	-2.02345878030138	-1.2598868599135042
SRR22992039	SCN2A_het_cohort	human	WT	SCN2A	4.114870034895454	-1.1397105083417114
SRR22992040	SCN2A_het_cohort	human	WT	SCN2A	1.5922444047512474	0.6193829202847727
SRR22992042	SCN2A_het_cohort	human	WT	SCN2A	2.4414487138453578	0.3302572276091487
SRR22992048	SCN2A_het_cohort	human	WT	SCN2A	1.3718899915458944	0.5092223064392006
SRR22992053	SCN2A_het_cohort	human	WT	SCN2A	-0.0924864474966955	-0.7224362477705872
SRR6368550	SCN2A_KO_iPSC	human	SCN2A KO (hom)	SCN2A	-1.8528083765155543	2.730043702770843
SRR6368551	SCN2A_KO_iPSC	human	SCN2A KO (hom)	SCN2A	-1.6277516035054864	2.759755831223227
SRR6368552	SCN2A_KO_iPSC	human	SCN2A KO (hom)	SCN2A	-1.9030388851954951	2.698844257420976
SRR6368553	SCN2A_KO_iPSC	human	SCN2A KO (hom)	SCN2A	-1.4548985014026894	2.7645740704827793
SRR6368526	SCN2A_KO_iPSC	human	WT	SCN2A	-2.295450335290798	0.15181133234604388
SRR6368527	SCN2A_KO_iPSC	human	WT	SCN2A	-2.06282542382067	0.3659113556098494
SRR6368528	SCN2A_KO_iPSC	human	WT	SCN2A	-3.3109076493921736	1.3072655793181436
SRR6368529	SCN2A_KO_iPSC	human	WT	SCN2A	-3.2860951894974666	1.3141085361892952
SRR6368562	SCN2A_KO_iPSC	human	WT	SCN2A	-0.7389371098260006	0.6225144666854603
SRR6368563	SCN2A_KO_iPSC	human	WT	SCN2A	-0.9573984654630836	0.41372007574090103
SRR6368564	SCN2A_KO_iPSC	human	WT	SCN2A	-0.810239642417016	0.6599764609974283
SRR6368565	SCN2A_KO_iPSC	human	WT	SCN2A	-0.8939060795237747	0.4202397552706862
ASD16-1_70_quant	SCN2A_LoF_hiPSC_IDOR	human	SCN2A ASD16	SCN2A	6.514205630959368	1.1253350239268345
ASD16-3_72_quant	SCN2A_LoF_hiPSC_IDOR	human	SCN2A ASD16	SCN2A	6.524318899010261	1.124497979664099
ASD17-1_73_quant	SCN2A_LoF_hiPSC_IDOR	human	SCN2A ASD17	SCN2A	-3.411884848786001	5.892316949873619
ASD17-2_74_quant	SCN2A_LoF_hiPSC_IDOR	human	SCN2A ASD17	SCN2A	-3.41500600738648	5.889596446339877
EA1-2_77_quant	SCN2A_LoF_hiPSC_IDOR	human	WT	SCN2A	-4.7732008966554975	2.7613417382521375
EA1-3_78_quant	SCN2A_LoF_hiPSC_IDOR	human	WT	SCN2A	-4.764046624200277	2.762664988518879
EB3-1_64_quant	SCN2A_LoF_hiPSC_IDOR	human	WT	SCN2A	-1.0152333321430207	4.802535018051871
EB3-2_65_quant	SCN2A_LoF_hiPSC_IDOR	human	WT	SCN2A	-1.0281330553765418	4.808252183525929
EB4-2_62_quant	SCN2A_LoF_hiPSC_IDOR	human	WT	SCN2A	4.5020218282868445	2.542134370545622
EB4-3_63_quant	SCN2A_LoF_hiPSC_IDOR	human	WT	SCN2A	4.502060864460221	2.528206792810069
IM5-2_68_quant	SCN2A_LoF_hiPSC_IDOR	human	SCN2A IM5	SCN2A	3.2754748608364017	-3.6342015666142378
IM5-3_69_quant	SCN2A_LoF_hiPSC_IDOR	human	SCN2A IM5	SCN2A	3.244752231735098	-3.5664563550313546
