sample	dataset	organism	gene	mutation	TSNE1	TSNE2
SRR34568245	Nadav_SCN2A_N2a	mouse	SCN2A	Scn2a+/- (het)	-0.7500412650618409	1.349730921004581
SRR34568246	Nadav_SCN2A_N2a	mouse	SCN2A	Scn2a+/- (het)	-1.845188893911796	1.033507526714743
SRR34568247	Nadav_SCN2A_N2a	mouse	SCN2A	Scn2a+/- (het)	0.25483599721658357	-0.9356656095074684
SRR34568248	Nadav_SCN2A_N2a	mouse	SCN2A	WT	1.9640956523840174	-0.14068632812985152
SRR34568249	Nadav_SCN2A_N2a	mouse	SCN2A	WT	-0.6699873244003208	-1.1975980436168616
SRR34568250	Nadav_SCN2A_N2a	mouse	SCN2A	WT	-2.369553390069666	0.4655058070414845
SRR15085148	Scn2a_gt_cortex	mouse	SCN2A	WT	0.9944575479729764	1.2924094009369111
SRR15085149	Scn2a_gt_cortex	mouse	SCN2A	WT	0.7769694677560243	-0.33304321766758377
SRR15085150	Scn2a_gt_cortex	mouse	SCN2A	WT	-0.5662413439003253	0.8788567506717816
SRR15085151	Scn2a_gt_cortex	mouse	SCN2A	WT	-1.4898430476082285	-0.04494471437866302
SRR15085152	Scn2a_gt_cortex	mouse	SCN2A	Scn2a gene-trap (hom)	1.4947402360938182	-1.3710048102334587
SRR15085153	Scn2a_gt_cortex	mouse	SCN2A	Scn2a gene-trap (hom)	0.3205068876530888	-1.628939494743898
SRR15085154	Scn2a_gt_cortex	mouse	SCN2A	Scn2a gene-trap (hom)	1.3004569611697578	-1.2930011175949556
SRR15085155	Scn2a_gt_cortex	mouse	SCN2A	Scn2a gene-trap (hom)	1.7341370736625057	-0.6584546704576797
SRR14113833	Scn1a_ctx_hip_rescue	mouse	SCN1A	WT	-0.3378129400814063	-1.7177475042832635
SRR14113834	Scn1a_ctx_hip_rescue	mouse	SCN1A	WT	-1.2645518206343682	-1.2198494016346075
SRR14113835	Scn1a_ctx_hip_rescue	mouse	SCN1A	WT	0.8159740198857671	-2.9343033320902294
SRR14113836	Scn1a_ctx_hip_rescue	mouse	SCN1A	WT	-2.6344007332990076	-1.4823587976994559
SRR14113837	Scn1a_ctx_hip_rescue	mouse	SCN1A	WT	2.4163737443562483	1.3434315358275435
SRR14113838	Scn1a_ctx_hip_rescue	mouse	SCN1A	WT	2.3722789200103063	1.331936369509894
SRR14113839	Scn1a_ctx_hip_rescue	mouse	SCN1A	WT	1.8868568091850733	1.4035538568648955
SRR14113840	Scn1a_ctx_hip_rescue	mouse	SCN1A	WT	1.2761791843433201	2.6879756805807773
SRR14113817	Scn1a_ctx_hip_rescue	mouse	SCN1A	Scn1a het	-0.12547162897695466	-3.0348190755520994
SRR14113818	Scn1a_ctx_hip_rescue	mouse	SCN1A	Scn1a het	0.02251462948607865	-3.054807638406642
SRR14113819	Scn1a_ctx_hip_rescue	mouse	SCN1A	Scn1a het	0.07968440552946568	-3.0761633199841962
SRR14113820	Scn1a_ctx_hip_rescue	mouse	SCN1A	Scn1a het	-1.6498699572422795	-0.701565442289314
SRR14113821	Scn1a_ctx_hip_rescue	mouse	SCN1A	Scn1a het	-0.9287678002918943	1.9488818284039051
SRR14113822	Scn1a_ctx_hip_rescue	mouse	SCN1A	Scn1a het	0.22348271247530904	1.6977300640054476
SRR14113823	Scn1a_ctx_hip_rescue	mouse	SCN1A	Scn1a het	1.618866987884755	0.30218737571017473
SRR14113824	Scn1a_ctx_hip_rescue	mouse	SCN1A	Scn1a het	0.9549191696511689	1.7454694883015112
SRR14113825	Scn1a_ctx_hip_rescue	mouse	SCN1A	Scn1a het + rescue	0.8697717915353999	-2.0939806730933173
SRR14113826	Scn1a_ctx_hip_rescue	mouse	SCN1A	Scn1a het + rescue	-1.560503347675502	-1.1518871596088014
SRR14113827	Scn1a_ctx_hip_rescue	mouse	SCN1A	Scn1a het + rescue	-0.5576985260445192	2.2194203605969327
SRR14113828	Scn1a_ctx_hip_rescue	mouse	SCN1A	Scn1a het + rescue	-2.6426439204037333	-1.4962644598755102
SRR14113829	Scn1a_ctx_hip_rescue	mouse	SCN1A	Scn1a het + rescue	2.236901484955032	1.4232816993564466
SRR14113830	Scn1a_ctx_hip_rescue	mouse	SCN1A	Scn1a het + rescue	1.1764250314035827	2.6910616840293327
SRR14113831	Scn1a_ctx_hip_rescue	mouse	SCN1A	Scn1a het + rescue	0.61440560990192294	-3.0631235740239626
SRR14113832	Scn1a_ctx_hip_rescue	mouse	SCN1A	Scn1a het + rescue	0.9491696713147166	2.6885901420561242
SRR12107229	Scn1a_aging	mouse	SCN1A	WT	0.23596234394192714	1.861820647651224
SRR12107230	Scn1a_aging	mouse	SCN1A	WT	0.8064291272750621	-0.8800694056849466
SRR12107232	Scn1a_aging	mouse	SCN1A	WT	-1.2963087860273965	0.5577732201492012
SRR12107233	Scn1a_aging	mouse	SCN1A	WT	-1.4447499111990494	0.5475047517914614
SRR12107227	Scn1a_aging	mouse	SCN1A	Mut_het	-0.884346689998892	-1.840953579125943
SRR12107228	Scn1a_aging	mouse	SCN1A	Mut_het	-1.072633954533397	0.8756904303854378
SRR12107231	Scn1a_aging	mouse	SCN1A	Mut_het	1.2850591867811993	0.36044776680169444
SRR12107234	Scn1a_aging	mouse	SCN1A	Mut_het	0.49865767674026173	-0.7499410183833227
SRR11681073	Scn1a_A1783V_hip	mouse	SCN1A	WT	-1.999086170292089	-0.21627526267024735
SRR11681074	Scn1a_A1783V_hip	mouse	SCN1A	WT	1.057400208665041	-0.07308282076476234
SRR11681075	Scn1a_A1783V_hip	mouse	SCN1A	WT	1.2826345189229513	0.970585769449461
SRR11681076	Scn1a_A1783V_hip	mouse	SCN1A	Scn1a A1783V (hom)	-0.30014494857141977	1.4666543631871918
SRR11681078	Scn1a_A1783V_hip	mouse	SCN1A	Scn1a A1783V (hom)	-1.6600759178299078	1.7208150125102024
SRR11681079	Scn1a_A1783V_hip	mouse	SCN1A	Scn1a A1783V (hom)	0.04089931862435709	-1.4630423098865348
SRR6930122	Scn1a_strain_age	mouse	SCN1A	Scn1a het (F1)	0.3366766634912049	0.5695862615191833
SRR6930123	Scn1a_strain_age	mouse	SCN1A	Scn1a het (F1)	0.22900272119764314	0.6456835516512868
SRR6930124	Scn1a_strain_age	mouse	SCN1A	WT	0.152610592857225	0.3280471934650097
SRR6930125	Scn1a_strain_age	mouse	SCN1A	WT	0.1653265609754719	0.423441650363417
SRR6930126	Scn1a_strain_age	mouse	SCN1A	WT	0.2135408431333663	0.4282516080898419
SRR6930127	Scn1a_strain_age	mouse	SCN1A	Scn1a het (129S6)	0.24064963489520208	0.4425167196243864
SRR6930128	Scn1a_strain_age	mouse	SCN1A	Scn1a het (129S6)	0.4321397057745397	0.7179365516503056
SRR6930129	Scn1a_strain_age	mouse	SCN1A	Scn1a het (129S6)	0.25195469266646675	0.5683097691847404
SRR6930130	Scn1a_strain_age	mouse	SCN1A	WT	0.2180613829852508	0.49338785375553507
SRR6930131	Scn1a_strain_age	mouse	SCN1A	WT	0.21028832302720446	0.46485789409331396
SRR6930132	Scn1a_strain_age	mouse	SCN1A	WT	0.45166367991155915	0.7355710556463381
SRR6930133	Scn1a_strain_age	mouse	SCN1A	Scn1a het (F1)	-0.5699118762559097	-0.34722172881991187
SRR6930134	Scn1a_strain_age	mouse	SCN1A	Scn1a het (F1)	-0.9814503134466465	-0.5422015108974482
SRR6930135	Scn1a_strain_age	mouse	SCN1A	Scn1a het (F1)	-0.5831850621980591	-0.4324286129994497
SRR6930136	Scn1a_strain_age	mouse	SCN1A	WT	-0.5907500579164936	-0.43642851376289354
SRR6930137	Scn1a_strain_age	mouse	SCN1A	WT	-0.5120851856089799	-0.3086696491733491
SRR6930138	Scn1a_strain_age	mouse	SCN1A	WT	-0.44005145088570174	-0.4673888879048734
SRR6930139	Scn1a_strain_age	mouse	SCN1A	Scn1a het (129S6)	-0.38242688796910185	-0.29290016752145986
SRR6930140	Scn1a_strain_age	mouse	SCN1A	Scn1a het (129S6)	-0.4301140102349016	-0.16566684665583736
SRR6930141	Scn1a_strain_age	mouse	SCN1A	Scn1a het (129S6)	-0.4160616151197546	-0.08249627273926424
SRR6930142	Scn1a_strain_age	mouse	SCN1A	WT	-0.44366780804993233	-0.23932979760488676
SRR6930143	Scn1a_strain_age	mouse	SCN1A	WT	-0.4220391908725532	-0.016045409186751583
SRR14054512	Scn1a_1b_hip	mouse	SCN1A	WT	-0.17498812838967676	-0.02138675255464661
SRR14054514	Scn1a_1b_hip	mouse	SCN1A	WT	-0.19824982124926588	0.031376295934403615
SRR14054515	Scn1a_1b_hip	mouse	SCN1A	WT	-0.31638990411721835	0.03576242362166159
SRR14054510	Scn1a_1b_hip	mouse	SCN1A	Scn1a 1b-del (het)	-0.11299300220378308	0.11588074189889257
SRR14054511	Scn1a_1b_hip	mouse	SCN1A	Scn1a 1b-del (het)	0.009495122048495811	0.20072918017687044
SRR14054513	Scn1a_1b_hip	mouse	SCN1A	Scn1a 1b-del (het)	0.15183033283062594	0.13957572699480392
SRR25813533	SCN1A_poison_exons	human	SCN1A	WT	-1.0847657474794148	1.767651428773947
SRR25813532	SCN1A_poison_exons	human	SCN1A	WT	-1.305797857625759	1.3528711339684485
SRR25813521	SCN1A_poison_exons	human	SCN1A	WT	-0.6319485721963972	-1.6466692262186717
SRR25813510	SCN1A_poison_exons	human	SCN1A	WT	-0.41262989937264155	-2.221548116206206
SRR25813509	SCN1A_poison_exons	human	SCN1A	WT	1.4104435977839453	0.9043492747827796
SRR25813508	SCN1A_poison_exons	human	SCN1A	WT	1.725702546764624	0.9378939066964025
SRR25813507	SCN1A_poison_exons	human	SCN1A	WT	1.513397761888775	1.705993502301563
SRR25813506	SCN1A_poison_exons	human	SCN1A	SCN1A V1	-2.962144932611574	-1.3925044153675883
SRR25813505	SCN1A_poison_exons	human	SCN1A	SCN1A V1	-3.0108317617805787	-1.332095870194345
SRR25813531	SCN1A_poison_exons	human	SCN1A	SCN1A V4	-2.4234352447225636	-2.235238468751093
SRR25813530	SCN1A_poison_exons	human	SCN1A	SCN1A V4	-1.9970379077113167	-1.994290930958609
SRR25813504	SCN1A_poison_exons	human	SCN1A	SCN1A V4	-2.4901794844318443	-2.155774992157827
SRR25813529	SCN1A_poison_exons	human	SCN1A	SCN1A V5	-1.8417523513992853	-1.0323998436622523
SRR25813528	SCN1A_poison_exons	human	SCN1A	SCN1A V5	-1.5213059377381157	-0.8273762491942922
SRR22992025	SCN2A_het_cohort	human	SCN2A	SCN2A het	2.0834186995910677	-1.179305935672414
SRR22992026	SCN2A_het_cohort	human	SCN2A	SCN2A het	2.8999917760389584	-0.8379780150249785
SRR22992029	SCN2A_het_cohort	human	SCN2A	SCN2A het	0.08916994112550132	-0.6522574291307298
SRR22992030	SCN2A_het_cohort	human	SCN2A	SCN2A het	0.15345557488492526	-0.7727686536723545
SRR22992032	SCN2A_het_cohort	human	SCN2A	SCN2A het	0.5787509365082218	-0.8429616034772069
SRR22992033	SCN2A_het_cohort	human	SCN2A	SCN2A het	2.3354500050001863	-0.9805274067684664
SRR22992034	SCN2A_het_cohort	human	SCN2A	SCN2A het	3.1207425080459092	-0.7016004529044905
SRR22992037	SCN2A_het_cohort	human	SCN2A	SCN2A het	0.17066982210563553	1.6169415805339766
SRR22992038	SCN2A_het_cohort	human	SCN2A	SCN2A het	0.7725187409552152	1.1735406830957034
SRR22992041	SCN2A_het_cohort	human	SCN2A	SCN2A het	0.17029202525868253	1.1840702852555591
SRR22992043	SCN2A_het_cohort	human	SCN2A	SCN2A het	0.1821913913201405	0.2433203268516642
SRR22992044	SCN2A_het_cohort	human	SCN2A	SCN2A het	0.488319262914134	0.47416728525925755
SRR22992045	SCN2A_het_cohort	human	SCN2A	SCN2A het	3.274103731409956	-0.5363303237839938
SRR22992046	SCN2A_het_cohort	human	SCN2A	SCN2A het	-0.22909158720411352	0.11426335505947452
SRR22992047	SCN2A_het_cohort	human	SCN2A	SCN2A het	0.867485799570539	-0.8830716931389865
SRR22992049	SCN2A_het_cohort	human	SCN2A	SCN2A het	-0.37045469419204485	0.8436170332733932
SRR22992050	SCN2A_het_cohort	human	SCN2A	SCN2A het	-0.45460701222130373	0.5369872236925622
SRR22992051	SCN2A_het_cohort	human	SCN2A	SCN2A het	0.11571834037880147	1.6609364702197429
SRR22992052	SCN2A_het_cohort	human	SCN2A	SCN2A het	-0.2840486598185114	0.4007679919196662
SRR22992054	SCN2A_het_cohort	human	SCN2A	SCN2A het	-0.29874230508155747	0.8879831026740206
SRR22992027	SCN2A_het_cohort	human	SCN2A	WT	0.1962896372192301	-1.092490771999328
SRR22992028	SCN2A_het_cohort	human	SCN2A	WT	0.2042083923548632	-1.020088193747802
SRR22992031	SCN2A_het_cohort	human	SCN2A	WT	0.22920391164797732	-0.7783940068195349
SRR22992035	SCN2A_het_cohort	human	SCN2A	WT	-0.41316840641351193	-0.3082282112650756
SRR22992036	SCN2A_het_cohort	human	SCN2A	WT	-0.4989511515875504	-0.5459033024737079
SRR22992039	SCN2A_het_cohort	human	SCN2A	WT	1.189335545404005	0.04045791046532383
SRR22992040	SCN2A_het_cohort	human	SCN2A	WT	-0.23845751126019107	0.8524957411064563
SRR22992042	SCN2A_het_cohort	human	SCN2A	WT	0.302522966290861	0.39881014437768725
SRR22992048	SCN2A_het_cohort	human	SCN2A	WT	-0.6252642949289621	0.28054257292303675
SRR22992053	SCN2A_het_cohort	human	SCN2A	WT	-0.1093979306054095	1.4107052274138538
SRR6368550	SCN2A_KO_iPSC	human	SCN2A	SCN2A KO (hom)	0.21999180491461204	-4.141429929378271
SRR6368551	SCN2A_KO_iPSC	human	SCN2A	SCN2A KO (hom)	0.21823201071268977	-4.14566196299357
SRR6368552	SCN2A_KO_iPSC	human	SCN2A	SCN2A KO (hom)	0.2185348037706039	-4.143567631971677
SRR6368553	SCN2A_KO_iPSC	human	SCN2A	SCN2A KO (hom)	0.21977191061238868	-4.158420695400464
SRR6368526	SCN2A_KO_iPSC	human	SCN2A	WT	1.5436314429192886	-0.10270840965841538
SRR6368527	SCN2A_KO_iPSC	human	SCN2A	WT	1.222546915851522	2.5731117152580056
SRR6368528	SCN2A_KO_iPSC	human	SCN2A	WT	-0.050655734314331596	3.399421789351285
SRR6368529	SCN2A_KO_iPSC	human	SCN2A	WT	-0.1742335635338775	3.4005209519009076
SRR6368562	SCN2A_KO_iPSC	human	SCN2A	WT	-2.2028280973185037	1.3750117705888243
SRR6368563	SCN2A_KO_iPSC	human	SCN2A	WT	-1.5739786003444787	0.23895926862249256
SRR6368564	SCN2A_KO_iPSC	human	SCN2A	WT	-1.9653113308763301	0.7438836195694656
SRR6368565	SCN2A_KO_iPSC	human	SCN2A	WT	-2.0004841815630843	0.353808875431774
ASD16-1_70_quant	SCN2A_LoF_hiPSC_IDOR	human	SCN2A	SCN2A ASD16	2.8074848141316067	0.6744296136724115
ASD16-3_72_quant	SCN2A_LoF_hiPSC_IDOR	human	SCN2A	SCN2A ASD16	3.8750053234021404	-0.3992351346033731
ASD17-1_73_quant	SCN2A_LoF_hiPSC_IDOR	human	SCN2A	SCN2A ASD17	3.1946212789855104	2.500293293481578
ASD17-2_74_quant	SCN2A_LoF_hiPSC_IDOR	human	SCN2A	SCN2A ASD17	3.195668825054897	2.505002078931229
EA1-2_77_quant	SCN2A_LoF_hiPSC_IDOR	human	SCN2A	WT	-0.6253294585186379	3.548072294030306
EA1-3_78_quant	SCN2A_LoF_hiPSC_IDOR	human	SCN2A	WT	-2.493984281174335	0.23667725632422001
EB3-1_64_quant	SCN2A_LoF_hiPSC_IDOR	human	SCN2A	WT	-3.041243166888076	0.726215163301719
EB3-2_65_quant	SCN2A_LoF_hiPSC_IDOR	human	SCN2A	WT	-2.8552253117247997	1.5178876164399886
EB4-2_62_quant	SCN2A_LoF_hiPSC_IDOR	human	SCN2A	WT	-0.84228372193564	2.297177546348653
EB4-3_63_quant	SCN2A_LoF_hiPSC_IDOR	human	SCN2A	WT	-2.2887022972908735	2.302388926282968
IM5-2_68_quant	SCN2A_LoF_hiPSC_IDOR	human	SCN2A	SCN2A IM5	0.9015447753945655	-1.9350375405030547
IM5-3_69_quant	SCN2A_LoF_hiPSC_IDOR	human	SCN2A	SCN2A IM5	1.6278561756536318	-2.1853625430815686
